Groups_avances_Id;Nom
01H0HTD2DQH6GWG0SR5ZAH5W6Z;L'Outil en Main Grand-Est
01H0HTETAB1V2F7QDR9G0KDW4D;L’OeM Bretagne
01H0HTFPJ18YE6481ZEV4EBZKV;L'Outil en Main de Loire-Atlantique
01H0HTFQB0TDPGWF9QBKPS715V;L’Outil en Main Pays de la Loire
01H0HTHEW4QVWNP2VTM1X7X14F;L’Outil en Main Île-de-France
01H0HTHGRYD0K02FJM02BHD2QW;L’Outil en Main Normandie
01H0HTJERXMADQ6XQK60KTATFV;L’Outil en Main de Vendée
01HM8MXZNB4M99TKDFNBYCKM1N;L'Outil en Main Charente-Maritime
01HNFW9NDNEP4BB1YVGCEBZ5DY;L'Outil en Main de Maine et Loire
01HNFXGEPDFJH2ZJ1VR5QR2PXF;l'Outil en Main du TERRITOIRE DE L'AUBE
01J1HK6H6HVWPE1AC28AMRSWE2;D.T. - Daniel CANUT
01JJPBYHGXQ4NTY33ZFMAC99CV;D.T. - Didier DUTOT
01JQZXXMS8TWWY7DREQWREHPYH;L'Outil en Main Aveyron
01K3NZ2ADQ8DKJ2ZSM4WSG607H;L’Outil en Main Auvergne Rhône Alpes
01K6DTP590YMRWGNNZ26G12JDE;LOeM Union
